method,accuracy,macro_precision,macro_recall,macro_F1,micro_precision,micro_recall,micro_F1
LR_glove_prediction,0.8034883720930233,0.7624532184885301,0.7219758064516129,0.7367558335189845,0.794538318014677,0.8034883720930233,0.7953201860781873
CNN_50-embedding_30-filters_10-iter_prediction,0.813953488372093,0.7729283572340488,0.7471102150537634,0.7578334541819487,0.80772645953864,0.813953488372093,0.8093445966753179
BERT_Iter_3_prediction,0.8627906976744186,0.8347301136363636,0.816733870967742,0.8249137336093859,0.8601182610993657,0.8627906976744186,0.860896849471167
LR_ngram_prediction,0.7755813953488372,0.7202730005420588,0.7102822580645161,0.7148065863561464,0.7710391600265415,0.7755813953488372,0.7729789476085959
BiLSTM_CNN_50-embedding_1024-batchsize_50-hidden_30-filters_10-iter_prediction,0.8313953488372093,0.8090719499478624,0.748991935483871,0.7697456492637216,0.8257050706889443,0.8313953488372093,0.8223903365399583
SVC_glove_prediction,0.7406976744186047,0.709114471929339,0.5558467741935484,0.5362693110293816,0.7248646254016761,0.7406976744186047,0.6723162078558347
LSTM_300-embedding_64-hidden_prediction,0.7895348837209303,0.7384465600765401,0.7378360215053763,0.7381396577277064,0.7892674055866664,0.7895348837209303,0.7893999881146488
RF_glove_prediction,0.7627906976744186,0.7411634756995582,0.6056451612903226,0.6121192826063886,0.7530396958591635,0.7627906976744186,0.7189385694083503
