method,accuracy,macro_precision,macro_recall,macro_F1,micro_precision,micro_recall,micro_F1
LR_glove_prediction,1.0,1.0,1.0,1.0,1.0,1.0,1.0
CNN_50-embedding_30-filters_10-iter_prediction,0.813953488372093,0.7729283572340488,0.7471102150537634,0.7578334541819487,0.80772645953864,0.813953488372093,0.8093445966753179
BERT_Iter_3_prediction,0.8627906976744186,0.8347301136363636,0.816733870967742,0.8249137336093859,0.8601182610993657,0.8627906976744186,0.860896849471167
LR_ngram_prediction,1.0,1.0,1.0,1.0,1.0,1.0,1.0
BiLSTM_CNN_50-embedding_1024-batchsize_50-hidden_30-filters_10-iter_prediction,0.8313953488372093,0.8090719499478624,0.748991935483871,0.7697456492637216,0.8257050706889443,0.8313953488372093,0.8223903365399583
SVC_glove_prediction,1.0,1.0,1.0,1.0,1.0,1.0,1.0
LSTM_300-embedding_64-hidden_prediction,0.7895348837209303,0.7384465600765401,0.7378360215053763,0.7381396577277064,0.7892674055866664,0.7895348837209303,0.7893999881146488
RF_glove_prediction,1.0,1.0,1.0,1.0,1.0,1.0,1.0
