{"mean accuracy": 0.8034883720930233, "macro-f1": 0.7367558335189845, "pos-f1": 0.6042154566744731}