{"mean accuracy": 0.8023255813953488, "macro-f1": 0.7388464946125926, "pos-f1": 0.6100917431192661}