{"mean accuracy": 0.7988372093023256, "macro-f1": 0.7288159072309075, "pos-f1": 0.5910165484633569}