{"mean accuracy": 0.7755813953488372, "macro-f1": 0.7148065863561464, "pos-f1": 0.5831533477321814}