{"mean accuracy": 0.7779069767441861, "macro-f1": 0.7169877963263203, "pos-f1": 0.5856832971800433}