{"mean accuracy": 0.7581395348837209, "macro-f1": 0.700225903109687, "pos-f1": 0.5684647302904564}