{"mean accuracy": 0.7627906976744186, "macro-f1": 0.6121192826063886, "pos-f1": 0.37037037037037035}