{"mean accuracy": 0.7476744186046511, "macro-f1": 0.5864202592463726, "pos-f1": 0.32817337461300305}