{"mean accuracy": 0.7593023255813953, "macro-f1": 0.5787814902361634, "pos-f1": 0.303030303030303}