{"mean accuracy": 0.7220930232558139, "macro-f1": 0.6709670086556454, "pos-f1": 0.5412667946257198}