{"mean accuracy": 0.7406976744186047, "macro-f1": 0.5362693110293816, "pos-f1": 0.22837370242214533}